Parameter,alpha,batch_size,activation,hidden_layer_sizes,learning_rate_init,max_iter,MEDAE,R2
SFR,0.0002,195,relu,"(100, 83, 77)",0.002,500,-0.07094653236721227,0.9510133739396015
ISRF,0.0003,154,relu,"(91, 48, 56)",0.003,319,-0.13597205045747807,0.9232244944421248
ZGal,0.0002,105,relu,"(25, 68, 44)",0.006,357,-0.10742856234850884,0.8578378354236396
Pressure,0.0005,228,tanh,"(31, 58, 86)",0.005,267,-0.20276484130236305,0.9342203179420304
n$(\mathrm{H})_{\mathrm{cloud}}$,0.0006,151,relu,"(38, 54, 51)",0.009,245,-0.1268172056425041,0.9176624759199685
R$_{\mathrm{cloud}}$,0.0006,151,relu,"(38, 54, 51)",0.009,245,-0.026819085829875577,0.8433900303910054
M$_{\mathrm{\ast}}$,0.0016,45,tanh,"(25, 22, 35)",0.009,257,-0.10038696830321125,0.8482532922822618
M$_{\mathrm{gas}}$,0.0014,242,tanh,"(48, 34, 40)",0.007,260,-0.05607645921728199,0.939106008566844
